United Kingdom,,
,Aberdeen,
,Belfast,
,Birmingham,
,Blackburn,
,Blackpool,
,Bolton,
,Bournemouth,
,Bradford,
,Brighton,
,Bristol,
,Cambridge,
,Cardiff,
,Cheltenham,
,Colchester,
,Coventry,
,Crawley,
,Derby,
,Dudley,
,Dundee,
,Eastbourne,
,Edinburgh,
,Exeter,
,Glasgow,
,Gloucester,
,Huddersfield,
,Ipswich,
,Kingston upon Hull,
,Leeds,
,Leicester,
,Liverpool,
,London,
,Luton,
,Manchester,
,Middlesbrough,
,Milton Keynes,
,Newcastle upon Tyne,
,Newport,
,Northampton,
,Norwich,
,Nottingham,
,Oldham,
,Oxford,
,Peterborough,
,Plymouth,
,Poole,
,Portsmouth,
,Preston,
,Reading,
,Rotherham,
,Sheffield,
,Slough,
,Southampton,
,Southend-on-Sea,
,St Helens,
,Stockport,
,Stoke-on-Trent,
,Sunderland,
,Sutton Coldfield,
,Swansea,
,Swindon,
,Telford,
,Walsall,
,Watford,
,West Bromwich,
,Wolverhampton,
,York,
United States,,
,Alabama,
,,Birmingham
,,Montgomery
,,Mobile
,,Huntsville
,,Tuscaloosa
,,Hoover
,,Dothan
,,Decatur
,,Auburn
,,Gadsden
,,Florence
,,Bessemer
,,Madison
,,Prichard
,,Phenix City
,,Homewood
,,Vestavia Hills
,,Prattville
,,Anniston
,,Opelika
,,Alabaster
,,Enterprise
,,Mountain Brook
,,Selma
,Alaska,
,,Anchorage
,,Fairbanks
,,Juneau
,,Sitka
,,Wasilla
,,Kenai
,,Ketchikan
,,Palmer
,,Kodiak
,,Bethel
,,Homer
,Arizona,
,,Phoenix
,,Tucson
,,Mesa
,,Glendale
,,Chandler
,,Scottsdale
,,Gilbert
,,Tempe
,,Peoria
,,Surprise
,,Yuma
,,Avondale
,,Flagstaff
,,Goodyear
,,Lake Havasu City
,Arkansas,
,,Little Rock
,,Fayetteville
,,Fort Smith
,,Texarkana
,,Jonesboro
,,Pine Bluff
,,Hot Springs
,California,
,,Los Angeles
,,San Diego
,,San Jose
,,San Francisco
,,Fresno
,,Sacramento
,,Long Beach
,,Oakland
,,Santa Ana
,,Anaheim
,,Bakersfield
,,Riverside
,,Stockton
,,Chula Vista
,,Irvine
,,Fremont
,,Modesto
,,San Bernardino
,,Glendale
,,Huntington Beach
,,Moreno Valley
,,Fontana
,,Oxnard
,,Oceanside
,,Rancho Cucamonga
,,Ontario
,,Santa Clarita
,,Garden Grove
,,Santa Rosa
,,Pomona
,,Corona
,,Lancaster
,,Hayward
,,Salinas
,,Palmdale
,,Pasadena
,,Torrance
,,Escondido
,,Orange
,,Elk Grove
,,Sunnyvale
,,Fullerton
,,Thousand Oaks
,,Concord
,,Visalia
,,El Monte
,,Simi Valley
,,Roseville
,,Vallejo
,,Inglewood
,,Santa Clara
,,Victorville
,,Costa Mesa
,,Downey
,,West Covina
,,San Buenaventura
,,Fairfield
,,Richmond
,,Burbank
,,Berkeley
,,Norwalk
,,Daly City
,,Antioch
,Colorado,
,,Denver
,,Colorado Springs
,,Aurora
,,Lakewood
,,Fort Collins
,,Thornton
,,Westminster
,,Arvada
,,Pueblo
,,Centennial
,,Boulder
,Connecticut,
,,Bridgeport
,,Hartford
,,New Haven
,,Stamford
,,Waterbury
,,Norwalk
,,Danbury
,,New Britain
,Delaware,
,,Delaware City
,,Dover
,,Harrington
,,Lewes
,,Milford
,,Newark
,,New Castle
,,Rehoboth Beach
,,Seaford
,,Wilmington
,Florida,
,,Jacksonville
,,Miami
,,Tampa
,,St Petersburg
,,Orlando
,,Hialeah
,,Fort Lauderdale
,,Tallahassee
,,Port St Lucie
,,Cape Coral
,,Pembroke Pines
,,Hollywood
,,Coral Springs
,,Gainesville
,,Miami Gardens
,,Miramar
,,Clearwater
,,Pompano Beach
,,Palm Bay
,Georgia,
,,Atlanta
,,Augusta
,,Columbus
,,Savannah
,,Athens
,,Macon
,,Roswell
,,Sandy Springs
,,Albany
,,Marietta
,,Warner Robins
,,Johns Creek
,,Valdosta
,,Alpharetta
,,Smyrna
,Hawaii,
,,Honolulu
,,Hilo
,,Kailua
,,Kaneohe
,,Kapolei
,,Pearl City
,,Waipahu
,,Kahului
,,Kailua-Kona
,,Kihei
,,Lihue
,Idaho,
,,Boise
,,Nampa
,,Meridian
,,Pocatello
,,Idaho Falls
,,Caldwell
,,Coeur d'Alene
,,Lewiston
,,Twin Falls
,,Ammon
,,Blackfoot
,,Burley
,,Eagle
,,Garden City
,,Hayden
,,Kuna
,,Moscow
,,Mountain Home
,,Post Falls
,,Rexburg
,Illinois,
,,Chicago
,,Aurora
,,Rockford
,,Joliet
,,Naperville
,,Springfield
,,Peoria
,,Elgin
,,Greater St Louis
,,Quad Cities
,,Champaign-Urbana
,,Bloomington-Normal
,Indiana,
,,Indianapolis
,,Fort Wayne
,,Evansville
,,South Bend
,,Gary
,,Hammond
,,Bloomington
,,Muncie
,,Lafayette
,,Carmel
,,Anderson
,,Terre Haute
,,Elkhart
,,Mishawaka
,,Kokomo
,,Greenwood
,,Lawrence
,,Columbus
,,Noblesville
,,Richmond
,,New Albany
,,Portage
,,Michigan City
,,Goshen
,,East Chicago
,,Marion
,,Valparaiso
,,Jeffersonville
,,West Lafayette
,,Hobart
,,Crown Point
,,Franklin
,,La Porte
,Iowa,
,,Des Moines
,,Cedar Rapids
,,Davenport
,,Sioux City
,,Iowa City
,,Waterloo
,,Council Bluffs
,,Dubuque
,,Ames
,,West Des Moines
,,Ankeny
,,Cedar Falls
,,Urbandale
,,Marion
,,Bettendorf
,Kansas,
,,Wichita
,,Overland Park
,,Kansas City
,,Topeka
,,Olathe
,,Lawrence
,,Shawnee
,,Manhattan
,,Lenexa
,,Salina
,,Hutchinson
,,Leavenworth
,,Leawood
,,Garden City
,,Emporia
,,Dodge City
,,Derby
,,Prairie Village
,,Junction City
,,Hays
,,Liberal
,,Pittsburg
,,Newton
,,Gardner
,,Great Bend
,Kentucky,
,,Louisville
,,Lexington
,,Owensboro
,,Bowling Green
,,Covington
,,Richmond
,,Hopkinsville
,,Henderson
,,Florence
,,Frankfort
,,Nicholasville
,,Jeffersontown
,,Paducah
,,Elizabethtown
,,Radcliff
,Louisiana,
,,New Orleans
,,Baton Rouge
,,Shreveport
,,Lafayette
,,Lake Charles
,,Kenner
,,Bossier City
,,Monroe
,,Alexandria
,,New Iberia
,Maine,
,,Portland
,,Lewiston
,,Bangor
,,South Portland
,,Auburn
,,Biddeford
,,Brunswick
,,Sanford
,,Augusta
,,Scarborough
,,Saco
,,Westbrook
,,Waterville
,,Windham
,,Gorham
,,York
,,Kennebunk
,,Falmouth
,Maryland,
,,Baltimore
,,Frederick
,,Gaithersburg
,,Rockville
,,Bowie
,,Hagerstown
,,Annapolis
,,College Park
,,Salisbury
,,Cumberland
,,Greenbelt
,,Laurel
,,Takoma Park
,,Westminster
,,Hyattsville
,,Aberdeen
,,New Carrollton
,,Havre de Grace
,,Cambridge
,,Elkton
,,Easton
,,Bel Air
,,Columbia
,Massachusetts,
,,Boston
,,Worcester
,,Springfield
,,Cambridge
,,Lowell
,,Brockton
,,New Bedford
,,Quincy
,,Fall River
,,Lynn
,,Newton
,,Somerville
,,Lawrence
,,Framingham
,,Haverhill
,,Waltham
,,Plymouth
,,Brookline
,,Malden
,,Chicopee
,,Taunton
,,Medford
,,Weymouth
,,Peabody
,,Revere
,Michigan,
,,Detroit
,,Grand Rapids
,,Warren
,,Sterling Heights
,,Ann Arbor
,,Lansing
,,Flint
,,Clinton Township
,,Livonia
,,Dearborn
,,Canton Township
,,Westland
,,Troy
,,Farmington Hills
,,Southfield
,,Kalamazoo
,,Shelby Township
,,Macomb Township
,,Waterford Township
,,Wyoming
,,Rochester Hills
,,Pontiac
,,West Bloomfield Township
,,Taylor
,,Saint Clair Shores
,,Royal Oak
,,Saginaw
,,Novi
,,Dearborn Heights
,,Ypsilanti Township
,,Battle Creek
,Minnesota,
,,Minneapolis
,,St Paul
,,Rochester
,,Duluth
,,Bloomington
,,Eden Prairie
,,Plymouth
,,Brooklyn Park
,,St Cloud
,,Eagan
,,Coon Rapids
,,Maple Grove
,,Burnsville
,,Woodbury
,,Blaine
,,Lakeville
,,Minnetonka
,,Apple Valley
,Mississippi,
,,Jackson
,,Gulfport
,,Hattiesburg
,,Biloxi
,,Southaven
,,Meridian
,,Tupelo
,,Greenville
,,Olive Branch
,,Clinton
,,Vicksburg
,,Horn Lake
,,Pearl
,,Starkville
,,Columbus
,,Pascagoula
,,Brandon
,,Ridgeland
,Missouri,
,,Kansas City
,,St Louis
,,Springfield
,,Independence
,,Columbia
,,Lee's Summit
,,O'Fallon
,,St Joseph
,,St Charles
,,St Peters
,,Blue Springs
,,Florissant
,Montana,
,,Billings
,,Missoula
,,Great Falls
,,Bozeman
,,Butte
,,Helena
,,Kalispell
,Nebraska,
,,Omaha
,,Lincoln
,,Bellevue
,,Grand Island
,,Kearney
,,Hastings
,,Fremont
,,Papillion
,,North Platte
,,Norfolk
,,Columbus
,,La Vista
,,Scottsbluff
,,Beatrice
,,South Sioux City
,,Lexington
,Nevada,
,,Las Vegas
,,Henderson
,,North Las Vegas
,,Reno
,,Paradise
,,Sunrise Manor
,,Spring Valley
,,Sparks
,,Carson City
,,Pahrump
,New Hampshire,
,,Manchester
,,Nashua
,,Concord
,,Derry
,,Rochester
,,Salem
,,Dover
,,Merrimack
,,Londonderry
,,Hudson
,,Keene
,,Bedford
,,Portsmouth
,New Jersey,
,,Newark
,,Jersey City
,,Paterson
,,Elizabeth
,,Edison
,,Woodbridge
,,Toms River
,,Hamilton
,,Trenton
,,Camden
,,Clifton
,,Brick
,,Cherry Hill
,,East Orange
,,Passaic
,,Union City
,,Middletown
,,Gloucester
,,Bayonne
,,Irvington
,,Old Bridge
,,Lakewood
,New Mexico,
,,Albuquerque
,,Las Cruces
,,Rio Rancho
,,Santa Fe
,,Roswell
,,South Valley
,,Farmington
,,Alamogordo
,,Clovis
,,Hobbs
,,Carlsbad
,New York,
,,New York
,,Buffalo
,,Rochester
,,Yonkers
,,Syracuse
,,Albany
,,New Rochelle
,,Mount Vernon
,,Schenectady
,,Utica
,,Niagara Falls
,,White Plains
,,Troy
,,Binghamton
,,Long Beach
,,Rome
,,North Tonawanda
,,Elmira
,,Jamestown
,,Poughkeepsie
,,Ithaca
,,Auburn
,,Newburgh
,,Watertown
,,Glen Cove
,,Saratoga Springs
,,Middletown
,,Kingston
,,Peekskill
,,Lockport
,North Carolina,
,,Charlotte
,,Raleigh
,,Greensboro
,,Winston-Salem
,,Durham
,,Fayetteville
,,Cary
,,High Point
,,Wilmington
,,Greenville
,,Asheville
,,Jacksonville
,,Gastonia
,,Concord
,,Rocky Mount
,,Chapel Hill
,,Burlington
,North Dakota,
,,Fargo
,,Bismarck
,,Grand Forks
,,Minot
,,West Fargo
,,Mandan
,,Dickinson
,,Jamestown
,,Williston
,,Wahpeton
,,Devils Lake
,,Valley City
,Ohio,
,,Columbus
,,Cleveland
,,Cincinnati
,,Toledo
,,Akron
,,Dayton
,,Canton
,,Parma
,,Youngstown
,,Lorain
,,Hamilton
,,Springfield
,,Elyria
,,Kettering
,,Mentor
,,Middletown
,,Cuyahoga Falls
,,Lakewood
,,Mansfield
,,Euclid
,Oklahoma,
,,Oklahoma City
,,Tulsa
,,Norman
,,Lawton
,,Broken Arrow
,,Edmond
,,Midwest City
,,Moore
,,Enid
,,Stillwater
,Oregon,
,,Portland
,,Salem
,,Eugene
,,Gresham
,,Hillsboro
,,Beaverton
,,Bend
,,Medford
,,Springfield
,,Corvallis
,,Tigard
,,Albany
,Pennsylvania,
,,Philadelphia
,,Pittsburgh
,,Allentown
,,Erie
,,Reading
,,Bethlehem
,,Scranton
,,Lancaster
,,Levittown
,,Harrisburg
,Rhode Island,
,,Providence
,,Warwick
,,Cranston
,,Pawtucket
,,East Providence
,,Woonsocket
,,Coventry
,,North Providence
,,Cumberland
,,West Warwick
,,Johnston
,,South Kingstown
,,North Kingstown
,,Newport
,,Bristol
,South Carolina,
,,Columbia
,,Charleston
,,North Charleston
,,Rock Hill
,,Mount Pleasant
,,Greenville
,,Sumter
,,Summerville
,,Spartanburg
,,Hilton Head Island
,,Myrtle Beach
,,Florence
,,Goose Creek
,,Aiken
,,Anderson
,,Greer
,,Greenwood
,,James Island
,,North Augusta
,,Easley
,South Dakota,
,,Sioux Falls
,,Rapid City
,,Aberdeen
,,Watertown
,,Brookings
,,Mitchell
,,Pierre
,,Yankton
,,Huron
,,Vermillion
,,Spearfish
,,Brandon
,,Madison
,,Sturgis
,Tennessee,
,,Memphis
,,Nashville
,,Knoxville
,,Chattanooga
,,Clarksville
,,Murfreesboro
,,Bartlett
,,Bristol
,,Cleveland
,,Collierville
,,Columbia
,,Cookeville
,,Franklin
,,Germantown
,,Hendersonville
,,Jackson
,,Johnson City
,,Kingsport
,,Morristown
,,Oak Ridge
,Texas,
,,Houston
,,San Antonio
,,Dallas
,,Austin
,,Fort Worth
,,El Paso
,,Arlington
,,Corpus Christi
,,Plano
,,Laredo
,,Lubbock
,,Garland
,,Irving
,,Amarillo
,,Brownsville
,,Grand Prairie
,,Pasadena
,,Mesquite
,,McAllen
,,Carrollton
,,McKinney
,,Waco
,,Denton
,,Killeen
,,Abilene
,,Beaumont
,,Midland
,,Round Rock
,,Lewisville
,,Richardson
,,Frisco
,,Wichita Falls
,,Odessa
,Utah,
,,Salt Lake City
,,West Valley City
,,Provo
,,West Jordan
,,Sandy
,,Orem
,,Ogden
,,St George
,,Layton
,,Taylorsville
,Vermont,
,,Burlington
,,Essex
,,Rutland
,,Colchester
,,South Burlington
,,Barre
,,Montpellier
,,St Albans
,,Winooski
,,Newport
,,Vergennes
,,Bennington
,,Brattleboro
,,Milton
,,Hartford
,,Springfield
,,Williston
,,Middlebury
,,St Johnsbury
,,Northfield
,Virginia,
,,Virginia Beach
,,Norfolk
,,Chesapeake
,,Arlington
,,Richmond
,,Newport News
,,Alexandria
,,Hampton
,,Portsmouth
,,Roanoke
,,Lynchburg
,,Suffolk
,,Burke
,,Reston
,,Dale City
,,Annandale
,Washington,
,,Seattle
,,Spokane
,,Tacoma
,,Vancouver
,,Bellevue
,,Everett
,,Spokane Valley
,,Federal Way
,,Yakima
,,Kent
,,Bellingham
,,Kennewick
,,Auburn
,,Renton
,,Lakewood
,,Olympia
,West Virginia,
,,Charleston
,,Huntington
,,Parkersburg
,,Morgantown
,,Wheeling
,,Fairmont
,,Weirton
,,Martinsburg
,,Beckley
,,Clarksburg
,,South Charleston
,,Teays Valley
,,Bluefield
,,St Albans
,,Vienna
,,Cross Lanes
,Wisconsin,
,,Milwaukee
,,Madison
,,Green Bay
,,Kenosha
,,Racine
,,Appleton
,,Waukesha
,,Oshkosh
,,Eau Claire
,,West Allis
,,Janesville
,,La Crosse
,,Sheboygan
,,Wauwatosa
,,Fond du Lac
,,Brookfield
,,Wausau
,,New Berlin
,,Beloit
,,Greenfield
,,Manitowoc
,,Franklin
,,Oak Creek
,,West Bend
,,Superior
,Wyoming,
,,Cheyenne
,,Casper
,,Laramie
,,Gillette
,,Rock Springs
,,Sheridan
,,Green River
,,Evanston
,,Riverton
,,Jackson
,,Cody
,,Rawlins
,,Lander
,,Douglas
,,Powell
,,Torrington
,,Worland
,,Buffalo
,,Newcastle
,,Wheatland
Afghanistan,,
,Kabul,
,Kandahar,
,Herat,
,Mazar-i-Sharif,
,Kunduz,
,Jalalabad,
,Lashkar Gah,
,Taluqan,
,Puli Khumri,
,Khost,
,Sheberghan,
,Charikar,
,Ghazni,
,Sari Pul,
Albania,,
,Tirana,
,Durres,
,Vlore,
,Elbasan,
,Shkoder,
,Korce,
,Fier,
,Berat,
,Lushnje,
,Kavaje,
Algeria,,
,Algiers,
,Oran,
,Constantine,
,Annaba,
,Batna,
,Blida,
,Setif,
,Chlef,
,Djelfa,
,Sidi Bel Abbes,
,Biskra,
,Tebessa,
,Tiaret,
,Ouargla,
,Bejaia,
,Skikda,
,Tlemcen,
,Bordj Bou Arreridj,
,Bechar,
,Medea,
,Touggourt,
,Jijel,
,Souk Ahras,
,Mostaganem,
,M'Sila,
,El Eulma,
,Khenchela,
,Saida,
,Ain Oussera,
,El Oued,
,Guelma,
,Relizane,
,Laghouat,
,Bordj el Kiffan,
,Bou Saada,
,Bab Ezzouar,
,Messaad,
,Barika,
,Ain Beida,
,Ghardaia,
,Baraki,
,El Khroub,
Andorra,,
,Andorra la Vella,
,Les Escaldes,
,Encamp,
,Sant Julia de Loria,
,Pas de la Casa,
,La Massana,
,Ordino,
,Canillo,
,Arinsal,
,El Tarter,
Angola,,
,Luanda,
,Cabinda,
,Huambo,
,Lubango,
,Kuito,
,Malanje,
,Lobito,
,Benguela,
,Uige,
Antigua and Barbuda,,
,Saint John's,
,All Saints,
,Liberta,
,Potter's Village,
,Bolans,
,Swetes,
,Seaview Farm,
,Pigotts,
,Parham,
,Clare Hall,
Argentina,,
,Buenos Aires,
,Cordoba,
,Rosario,
,Mendoza,
,La Plata,
,San Miguel de Tucuman,
,Mar del Plata,
,Salta,
,Santa Fe,
,San Juan,
,Resistencia,
,Neuquen,
,Santiago del Estero,
,Corrientes,
,Avellaneda,
,Bahia Blanca,
,Quilmes,
,Lanus,
Armenia,,
,Yerevan,
,Gyumri,
,Vanadzor,
,Vagharshapat,
,Hrazdan,
,Abovyan,
,Artashat,
,Kapan,
,Ararat,
,Armavir,
,Gavar,
,Goris,
,Ashtarak,
,Masis,
Australia,,
,Sydney,
,Melbourne,
,Brisbane,
,Perth,
,Adelaide,
,Gold Coast-Tweed,
,Newcastle,
,Canberra-Queanbeyan,
,Canberra,
,Wollongong,
,Sunshine Coast,
,Greater Hobart,
,Geelong,
,Townsville,
,Cairns,
,Toowoomba,
,Darwin,
,Launceston,
,Albury-Wodonga,
Austria,,
,Vienna,
,Graz,
,Linz,
,Salzburg,
,Innsbruck,
,Klagenfurt,
,Wels,
,Villach,
,Sankt Pölten,
,Dornbirn,
,Wiener Neustadt,
,Steyr,
,Feldkirch,
,Bregenz,
,Wolfsberg,
,Baden bei Wien,
,Leoben,
,Klosterneuburg,
,Traun,
,Krems an der Donau,
,Leonding,
,Amstetten,
,Kapfenberg,
,Mödling,
,Lustenau,
Azerbaijan,,
,Baku,
,Ganja,
,Sumqayit,
,Mingachevir,
,Khirdalan,
,Shirvan,
,Nakhchivan City,
,Shaki,
,Yevlakh,
,Lankaran,
Bahamas,,
,Nassau,
,Freeport,
,West End,
,Coopers Town,
,Marsh Harbour,
,Freetown,
,High Rock,
,Andros Town,
,Spanish Wells,
,Clarence Town,
,Dunmore Town,
,Rock Sound,
,Arthur's Town,
,Cockburn Town,
,George Town,
Bahrain,,
,Manama,
,Muharraq,
,Riffa,
,Hamad Town,
,A'ali,
,Isa Town,
,Sitra,
,Budaiya,
,Jidhafs,
,Al-Malikiyah,
,Adliya,
Bangladesh,,
,Dhaka,
,Chittagong,
,Khulna,
,Rajshahi,
,Sylhet,
Barbados,,
,Bridgetown,
,Holetown,
,Speightstown,
,Bathsheba,
,The Crane,
Belarus,,
,Minsk,
,Homel,
,Mogilev,
,Vitebsk,
,Hrodna,
,Brest,
,Babruysk,
,Baranovichi,
,Barysau,
,Orsha,
,Pinsk,
,Mazyr,
,Salihorsk,
,Navapolatsk,
Belgium,,
,Antwerp,
,Ghent,
,Charleroi,
,Liege,
,Brussels,
,Bruges,
,Namur,
,Mons,
,Leuven,
,Mechelen,
,Aalst,
,La Louvière,
,Kortrijk,
,Hasselt,
,Sint-Niklaas,
,Ostend,
,Tournai,
,Genk,
,Seraing,
,Roeselare,
,Verviers,
,Mouscron,
Belize,,
,Belize City,
,Orange Walk,
,San Ignacio,
,Belmopan,
,Dangriga,
,Corozal,
,San Pedro,
,Benque Viejo del Carmen,
,Punta Gorda,
Benin,,
,Cotonou,
,Porto Novo,
,Parakou,
,Djougou,
,Bohicon,
,Kandi,
,Aborney,
,Natitingou,
,Lokossa,
,Ouidah,
Bhutan,,
,Thimphu,
,Phuntsholing,
,Punakha,
,Samdrup Jongkhar,
,Geylegphug,
,Paro,
,Trashigang,
,Wangdue Phodrang,
,Taga Dzong,
,Tongsa,
Bolivia,,
,Santa Cruz,
,El Alto,
,La Paz,
,Cochabamba,
,Sucre,
,Oruro,
,Tarija,
,Potosi,
,Sacaba,
,Montero,
,Trinidad,
,Riberalta,
,Yacuiba,
,Quillacollo,
Bosnia and Herzegovina,,
,Sarajevo,
,Banja Luka,
,Tuzla,
,Bijeljina,
,Zenica,
,Mostar,
,Brcko,
,Prijedor,
,Doboj,
,Bihac,
Botswana,,
,Gaborone,
,Francistown,
,Molepolole,
,Serowe,
,Selibe Phikwe,
,Maun,
,Kanye,
,Mahalapye,
,Mogoditshane,
,Mochudi,
Brazil,,
,Sao Paulo,
,Rio de Janeiro,
,Salvador,
,Brasilia,
,Fortaleza,
,Belo Horizonte,
,Curitiba,
,Manaus,
,Recife,
,Belem,
,Porto Alegre,
,Guarulhos,
,Goiania,
,Campinas,
,Sao Luis,
,Sao Goncalo,
,Maceio,
,Duque de Caxias,
,Nova Iguacu,
,Sao Bernardo do Campo,
,Natal,
,Teresina,
,Campo Grande,
,Osasco,
,Joao Pessoa,
,Jaboatao dos Guararapes,
,Santo Andre,
,Uberlandia,
,Contagem,
,Sao Jose dos Campos,
,Feira de Santana,
,Sorocaba,
,Ribeirao Preto,
,Cuiaba,
,Aracaju,
,Juiz de Fora,
,Aparecida de Goiania,
,Londrina,
,Ananindeua,
,Belford Roxo,
Brunei,,
,Bandar Seri Begawan,
,Jerudong,
,Kuala Belait,
,Seria,
,Tutong,
Bulgaria,,
,Sofia,
,Plovdiv,
,Varna,
,Burgas,
,Rousse,
,Stara Zagora,
,Pleven,
,Dobrich,
,Sliven,
Burkino Faso,,
,Ouagadougou,
,Bobo Dioulasso,
,Koudougou,
,Banfora,
,Ouahigouya,
,Kaya,
,Tenkodogo,
,Fada N'gourma,
,Dedougou,
,Hounde,
Burma,,
,Yangon,
,Mandalay,
,Naypyidaw,
,Mawlamyaing,
,Bago,
,Pathein,
,Monywa,
,Meiktila,
,Sittwe,
,Mergui,
,Taunggyi,
Burundi,,
,Bujumbura,
,Gitega,
,Muyinga,
,Ngozi,
,Ruyigi,
,Kayanza,
,Bururi,
,Rutana,
,Muramvya,
,Makamba,
Cambodia,,
,Phnom Penh,
,Battambang,
,Siem Reap,
,Sihanoukville,
,Prey Veng,
,Kampong Cham,
,Ta Khmau,
,Pursat,
,Kampong Speu,
,Takeo,
Cameroon,,
,Douala,
,Yaounde,
,Garoua,
,Kousseri,
,Bamenda,
,Maroua,
,Ngaoundere,
,Bafoussam,
,Bertoua,
,Loum,
Canada,,
,Toronto,
,Montreal,
,Calgary,
,Ottawa,
,Edmonton,
,Mississauga,
,Winnipeg,
,Vancouver,
,Hamilton,
,Quebec City,
,Brampton,
,Surrey,
,Halifax,
,Laval,
,London,
,Markham,
,Gatineau,
,Vaughan,
,Longueuil,
,Windsor,
,Kitchener,
,Burnaby,
,Saskatoon,
,Regina,
,Richmond,
,Oakville,
,Burlington,
,Richmond Hill,
,Greater Sudbury,
,Sherbrooke,
,Saguenay,
,Oshawa,
,St Catharines,
,Levis,
,Barrie,
,Trois-Rivières,
,Abbotsford,
,Cambridge,
,Kingston,
,Guelph,
,Coquitlam,
,Whitby,
,Thunder Bay,
,Saanich,
,Chatham-Kent,
,Kelowna,
,Cape Breton,
,St John's,
Cape Verde,,
,Praia,
,Mindelo,
,Assomada,
,Pedra Badejo,
,Sao Filipe,
,Porto Novo,
,Espargos,
,Tarrafal,
,Ribeira Brava,
Central African Republic,,
,Bangui,
,Bimbo,
,Berberati,
,Carnot,
,Bambari,
,Bouar,
,Bossangoa,
,Bria,
,Bangassou,
,Nola,
Chad,,
,N'Djamena,
,Moundou,
,Sarh,
,Abeche,
,Kelo,
,Koumra,
,Pala,
,Am Timan,
,Bongor,
,Mongo,
Chile,,
,Puente Alto,
,Maipu,
,La Florida,
,Las Condes,
,San Bernando,
,Penalolen,
,Santiago,
,Pudahuel,
,La Pintana,
,El Bosque,
,Nunoa,
,Vina del Mar,
,Valparaiso,
,Concepcion,
,Talcahuano,
,La Serena,
,Antofagasta,
,Temuco,
,Rancagua,
,Talca,
,Arica,
,Chillan,
,Iquique,
,Puerto Montt,
China,,
,Shanghai,
,Beijing,
,Hong Kong,
,Tianjin,
,Wuhan,
,Guangzhou,
,Shenzhen,
,Shenyang,
,Chongqing,
,Xinbei,
,Nanjing,
,Harbin,
,Taipei,
,Xi'an,
,Chengdu,
,Changchun,
,Hangzhou,
,Jinan,
,Dalian,
,Taiyuan,
,Zhengzhou,
,Qingdao,
,Shijiazhuang,
,Kunming,
,Lanzhou,
,Kaohsiung,
,Zibo,
,Changsha,
,Nanchang,
,Urumqi,
,Guiyang,
,Anshan,
,Tangshan,
,Wuxi,
,Jilin City,
,Fushun,
,Fuzhou,
,Suzhou,
,Baotou,
,Qiqihar,
,Xuzhou,
,Hefei,
,Taichung,
,Handan,
,Luoyang,
,Nanning,
,Datong,
,Shantou,
,Yantai,
,Daqing,
,Huainan,
,Benxi,
,Changzhou,
,Hohhot,
,Liuzhou,
,Ningbo,
,Yichun,
,Shangqiu,
,Tainan,
,Jixi,
,Huai'an,
,Zaozhuang,
,Fuxin,
,Jinzhou,
,Weifang,
,Zhangjiakou,
,Mudanjiang,
,Pingdingshan,
,Xining,
,Zhanjiang,
,Baoding,
,Yichang,
,Xiangfan,
,Hsinchu,
,Taoyuan,
,Keelung,
,Chiayi,
Colombia,,
,Bogota,
,Medellín,
,Cali,
,Barranquilla,
,Cartagena,
,Cucuta,
,Bucaramanga,
,Ibague,
,Soledad,
,Pereira,
,Santa Marta,
,Soacha,
,San Juan de Pasto,
,Monteria,
,Villavicencio,
,Manizales,
,Bello,
,Valledupar,
,Neiva,
,Buenaventura,
,Palmira,
,Armenia,
,Popayan,
,Floridablanca,
Comoros,,
,Moroni,
,Fomboni,
,Domoni,
,Moutsamoudou,
Congo Democratic Republic,,
,Kinshasa,
,Lubumbashi,
,Kolwezi,
,Mbuji-Mayi,
,Kisangani,
,Kananga,
,Likasi,
,Boma,
,Tshikapa,
,Bukavu,
,Mwene-Ditu,
,Kikwit,
,Mbandaka,
,Matadi,
,Uvira,
,Butembo,
,Gandajika,
,Kalemie,
,Goma,
,Kindu,
,Isiro,
,Bandundu,
,Gemena,
,Ilebo,
Congo Republic,,
,Bomassa,
,Brazzaville,
,Diosso,
,Djambala,
,Ewo,
,Gamboma,
,Impfondo,
,Kayes,
,Kinkala,
,Loubomo,
,Madingo-Kayes,
,Madingou,
,Makoua,
,Matsanga,
,Mbinda,
,Mossendjo,
,Ngamaba-Mfilou,
,Nkayi,
,Ouesso,
,Owando,
,Oyo,
,Pointe-Noire,
,Sembre,
,Sibiti,
,Souanke,
Costa Rica,,
,Alajuela,
,Cartago,
,Curridabat,
,Escazu,
,Golfito,
,Jaco,
,Liberia,
,Limon,
,Nicoya,
,Puntarenas,
,San Jose,
,Santa Ana,
,San Ramon,
,Tibas,
Cote d'Ivoire,,
,Abidjan,
,Bouake,
,Daloa,
,Yamoussoukro,
,Korhogo,
,San Pedro,
,Divo,
Croatia,,
,Zagreb,
,Split,
,Rijeka,
,Osijek,
,Zadar,
,Slavonski Brod,
,Pula,
,Karlovac,
,Sesvete,
,Varazdin,
,Sibenik,
,Sisak,
,Velika Gorica,
,Vinkovci,
,Dubrovnik,
,Vukovar,
,Bjelovar,
,Koprivnica,
,Pozega,
,Dakovo,
Cuba,,
,Havana,
,Santiago de Cuba,
,Camaguey,
,Holguin,
,Santa Clara,
,Guantanamo,
,Bayamo,
,Victoria de Las Tunas,
,Cienfuegos,
,Manzanillo,
,Pinar del Rio,
,Matanzas,
,Ciego de Avila,
,Sancti Spiritus,
,Cardenas,
,Palma Soriano,
Cyprus,,
,Famagusta,
,Kyrenia,
,Limassol,
,Larnaca,
,Nicosia,
,Paphos,
Czech Republic,,
,Prague,
,Brno,
,Ostrava,
,Plzen,
,Liberec,
,Olomouc,
,Usti nad Labem,
,Hradec Kralove,
,Ceske Budejovice,
,Pardubice,
,Havirov,
,Zlin,
,Kladno,
,Most,
,Karvina,
,Frydek-Mistek,
,Opava,
,Karlovy Vary,
,Teplice,
,Decin,
,Jihlava,
,Chomutov,
Denmark,,
,Copenhagen,
,Aarhus,
,Odense,
,Aalborg,
,Frederiksberg,
,Esbjerg,
,Gentofte,
,Gladsaxe,
,Randers,
,Kolding,
,Horsens,
,Lyngby-Taarbaek,
,Vejle,
,Hvidovre,
,Roskilde,
,Helsingor,
,Herning,
,Silkeborg,
,Naestved,
,Greve Strand,
Djibouti,,
,Djibouti City,
,Ali Sabieh,
,Tadjourah,
,Obock,
,Dikhil,
,Arta,
,Holhol,
,Dorra,
,Galafi,
,Loyada,
,Alaili Dadda,
Dominica,,
,Atkinson,
,Barroui,
,Berekua,
,Calibishie,
,Canefield,
,Castle Bruce,
,La Plaine,
,La Soie,
,Mahaut,
,Marigot,
,Pointe Michel,
,Grand-Anse,
,Rosalie,
,Roseau,
,Saint Joseph,
,Soufriere,
,Woodford Hill,
Dominican Republic,,
,Santa Domingo,
,Santiago de los Caballeros,
,San Felipe de Puerto Plata,
,San Pedro de Macoris,
,La Romana,
,Los Alcarrizos,
,San Francisco de Macoris,
,San Cristobal,
,Salvaleon de Higuey,
,Concepcion de la Vega,
East Timor,,
,Lautem,
,Baucau,
,Viqueque,
,Manatuto,
,Dili,
,Aileu,
,Manufahi,
,Liquica,
,Ermera,
,Ainaro,
,Bobonaro,
,Cova Lima,
,Oecusse,
Ecuador,,
,Guayaquil,
,Quito,
,Cuenca,
,Santo Domingo,
,Machala,
,Duran,
,Manta,
,Portoviejo,
,Ambato,
,Riobamba,
Egypt,,
,Cairo,
,Alexandria,
,Giza,
,Luxor,
,Aswan,
,Port Said,
El Salvador,,
,Acajutla,
,Ahuachapan,
,Apopa,
,Chalatenango,
,Cojutepeque,
,Nejapa,
,La Union,
,Mejicanos,
,San Miguel,
,San Salvador,
,Santa Tecla,
,San Vicente,
,Santa Ana,
,Santiago de Maria,
,Sonsonate,
,Soyapango,
,Tacuba,
,Usulutan,
,Zacatecoluca,
Equatorial Guinea,,
,Bata,
,Malabo,
,Ebebiyin,
,Aconibe,
,Anisoc,
Eritrea,,
,Asmara,
,Keren,
,Himbirti,
,Teseney,
,Mendefera,
,Dekemhare,
,Agordat,
,Adi Quala,
,Senafe,
,Segeneiti,
Estonia,,
,Tallinn,
,Tartu,
,Narva,
,Kohtla-Jarve,
,Parnu,
Ethiopia,,
,Addis Ababa,
,Arba Minch,
,Axum,
,Awasa,
,Bahar Dar,
,Dire Dawa,
,Gambela,
,Gode,
,Gondar,
,Jijiga,
,Jimma,
,Jinka,
,Kabri Dar,
,Lalibela,
,Makale,
,Shilavo,
,Shire,
Fiji,,
,Lautoka,
,Suva,
,Ba,
,Labasa,
,Lami,
,Levuka,
,Nadi,
,Nasinu,
,Nausori,
,Savusavu,
,Sigatoka,
,Tavua,
Finland,,
,Helsinki,
,Espoo,
,Tampere,
,Vantaa,
,Turku,
,Oulu,
,Jyvaskyla,
,Lahti,
,Kuopio,
,Pori,
,Kotka,
,Lappeenranta,
,Rovaniemi,
,Vaasa,
,Joensuu,
France,,
,Paris,
,Marseille,
,Lyon,
,Toulouse,
,Nice,
,Nantes,
,Strasbourg,
,Montpellier,
,Bordeaux,
,Lille,
,Rennes,
,Reims,
,Le Havre,
,Saint-Etienne,
,Toulon,
,Grenoble,
,Angers,
,Dijon,
,Brest,
,Nimes,
,Le Mans,
,Aix-en-Provence,
,Clermont-Ferrand,
,Saint-Denis,
,Tours,
,Limoges,
,Villeurbanne,
,Amiens,
,Metz,
,Besancon,
,Perpignan,
,Orleans,
,Mulhouse,
,Caen,
,Boulogne-Billancourt,
,Rouen,
,Nancy,
Gabon,,
,Libreville,
,Port-Gentil,
,Masuku,
,Oyem,
,Moanda,
,Mouila,
,Lambarene,
,Tchibanga,
,Koulamoutou,
,Makokou,
Gambia,,
,Serekunda,
,Banjul,
,Brikama,
,Bakau,
,Farafenni,
,Sukuta,
,Lamin,
Georgia,,
,Tbilisi,
,Kutaisi,
,Batumi,
,Rustavi,
,Zugdidi,
,Gori,
,Poti,
Germany,,
,Berlin,
,Hamburg,
,Munich,
,Cologne,
,Frankfurt,
,Stuttgart,
,Dortmund,
,Essen,
,Dusseldorf,
,Bremen,
,Hanover,
,Leipzig,
,Duisburg,
,Nuremberg,
,Dresden,
,Bochum,
,Wuppertal,
,Bielefeld,
,Bonn,
,Mannheim,
,Karlsruhe,
,Wiesbaden,
,Munster,
,Gelsenkirchen,
,Augsburg,
,Monchengladbach,
,Aachen,
,Chemnitz,
,Braunschweig,
,Krefeld,
,Halle,
,Kiel,
,Magdeburg,
,Oberhausen,
,Freiburg,
,Lubeck,
,Erfurt,
,Rostock,
,Hagen,
,Kassel,
,Mainz,
,Hamm,
,Saarbrucken,
,Herne,
,Mulheim,
,Osnabruck,
,Solingen,
,Ludwigshafen,
,Leverkusen,
,Oldenburg,
,Neuss,
,Potsdam,
,Paderborn,
,Heidelberg,
,Darmstadt,
,Wurzburg,
,Regensburg,
,Gottingen,
,Recklinghausen,
,Heilbronn,
,Ingolstadt,
,Wolfsburg,
,Ulm,
,Offenbach,
,Bottrop,
,Pforzheim,
,Bremerhaven,
,Remscheid,
,Furth,
,Reutlingen,
,Salzgitter,
,Moers,
,Koblenz,
,Siegen,
,Bergisch Gladbach,
,Gera,
,Trier,
,Erlangen,
,Hildesheim,
,Jena,
,Witten,
Ghana,,
,Accra,
,Kumasi,
,Tamale,
,Sekondi-Takoradi,
,Ashiaman,
,Tema,
,Teshie,
,Cape Coast,
,Obuasi,
,Madina,
Greece,,
,Athens,
,Thessaloniki,
,Piraeus,
,Patras,
,Heraklion,
,Peristeri,
,Larissa,
,Kallithea,
Grenada,,
,St George's,
,Belmont,
,L'Anse aux Epines,
,Westerhall,
,St Davids,
,Marquis,
,Grenville,
,Tivoli,
,Sauteurs,
,Victoria,
,Gouyave,
,Hillsborough,
Guatemala,,
,Amatitlan,
,Chinautla,
,Coban,
,Escuintla,
,Guatemala,
,Mixco,
,Quezaltenango,
,Villa Nueva,
Guinea,,
,Conakry,
,Nzerekore,
,Kindia,
,Boke,
,Kankan,
,Kissidougou,
,Gueckedou,
,Kamsar,
,Macenta,
,Mamou,
Guinea-Bissau,,
,Bissau,
,Bafata,
,Gabu,
,Bissora,
,Bolama,
,Cacheu,
,Bubaque,
,Catio,
,Mansoa,
,Buba,
,Quebo,
,Canchungo,
,Farim,
,Quinhamel,
,Fulacunda,
Guyana,,
,Georgetown,
,Anna Regina,
,Bartica,
,Corriverton,
,Fort Wellington,
,Ituni,
,Lethem,
,Linden,
,Mahaica,
,Mahaicony,
,New Amsterdam,
,Paradise,
,Rosignol,
,Skeldon,
,Vreed en Hoop,
Haiti,,
,Port-au-Prince,
,Carrefour,
,Delmas,
,Cap-Haïtien,
,Pétionville,
,Gonaïves,
,Saint-Marc,
,Les Cayes,
,Verrettes,
,Port-de-Paix,
Honduras,,
,Tegucigalpa,
,Choluteca,
,Comayagua,
,Danli,
,El Progreso,
,La Ceiba,
,San Pedro Sula,
Hungary,,
,Budapest,
,Debrecen,
,Miskolc,
,Szeged,
,Pecs,
,Gyor,
,Nyiregyhaza,
,Szekesfehervar,
,Kecskemet,
,Szombathely,
,Szolnok,
,Tatabanya,
,Veszprem,
,Kaposvar,
,Zalaegerszeg,
,Bekescsaba,
,Eger,
,Dunaujvaros,
,Nagykanizsa,
,Sopron,
Iceland,,
,Reykjavik,
,Akureyri,
,Garoabaer,
,Hafnarfjorour,
,Keflavik,
,Kopavogur,
,Reykjanesbaer,
India,,
,Delhi,
,Mumbai,
,Kolkata,
,Chennai,
,Bangalore,
,Hyderabad,
,Ahmedabad,
,Pune,
,Surat,
,Kanpur,
,Jaipur,
,Lucknow,
,Nagpur,
,Patna,
,Raipur,
,Indore,
,Vadodara,
,Bhopal,
,Coimbatore,
,Ludhiana,
,Agra,
,Kochi,
,Visakhapatnam,
,Asansol,
,Meerut,
,Nashik,
,Bhubaneswar,
,Chandigarh,
,Kolhapur,
,Varanasi,
,Jamshedpur,
,Rajkot,
,Madurai,
,Jabalpur,
,Amritsar,
,Dhanbad,
,Allahabad,
,Vijayawada,
,Aurangabad,
,Srinagar,
,Solapur,
,Ranchi,
,Thiruvananthapuram,
,Guwahati,
,Jodhpur,
,Tiruchirappalli,
,Gwalior,
,Kozhikode,
Indonesia,,
,Jakarta,
,Bandung,
,Surabaya,
,Medan,
,Bekasi,
,Palembang,
,Tangerang,
,Makassar,
,Semarang,
,Bogor,
,Malang,
,Bandar Lampung,
,Padang,
,Samarinda,
,Pekanbaru,
,Banjarmasin,
,Surakarta,
,Pontianak,
,Serang,
,Balikpapan,
,Depok,
,Denpasar,
,Jambi City,
Iran,,
,Tehran,
,Mashhad,
,Esfahan,
,Tabriz,
,Karaj,
,Shiraz,
,Ahvaz,
,Qom,
,Kermanshah,
,Orumieh,
,Zahedan,
,Rasht,
,Kerman,
,Hamedan,
,Arak,
,Yazd,
,Ardabil,
,Bandar Abbas,
,Eslamshahr,
,Qazvin,
,Zanjan,
,Khorramabad,
,Sanandaj,
,Gorgan,
,Sari,
Iraq,,
,Baghdad,
,Mosul,
,Basra,
,Arbil,
,Sulaymaniyah,
,Kirkuk,
,Fallujah,
,Karbala,
,Najaf,
,Ramadi,
,Dahuk,
,Zubayr,
,Al Hillah,
Ireland,,
,Dublin,
,Cork ,
,Limerick,
,Galway,
,Waterford,
,Dundalk,
,Bray,
,Drogheda,
,Swords,
,Tralee,
,Kilkenny,
,Ennis,
,Sligo,
,Athlone,
,Wexford,
,Naas,
,Clonmel,
,Carlow,
,Newbridge,
,Navan,
Israel,,
,Jerusalem,
,Tel Aviv,
,Haifa,
,Rishon LeZion,
,Ashdod,
,Petah Tikva,
,Beersheba,
,Netanya,
,Holon,
,Bnei Brak,
,Ramat Gan,
,Bat Yam,
,Ashkelon,
,Rehovot,
Italy,,
,Rome,
,Milan,
,Naples,
,Turin,
,Palermo,
,Genoa,
,Bologna,
,Florence,
,Bari,
,Catania,
,Venice,
,Verona,
,Messina,
,Padua,
,Trieste,
,Taranto,
,Brescia,
,Prato,
,Reggio Calabria,
,Modena,
,Parma,
,Perugia,
,Reggio Emilia,
,Livorno,
,Cagliari,
,Foggia,
,Ravenna,
,Salerno,
,Rimini,
,Ferrara,
,Sassari,
,Syracuse,
,Pescara,
,Monza,
,Bergamo,
,Latina,
,Forli,
,Vicenza,
,Trento,
,Giugliano in Campania,
,Terni,
,Novara,
,Ancona,
,Bolzano,
,Piacenza,
Jamaica,,
,Kingston,
,Montego Bay,
,Portmore,
,Spanish Town,
Japan,,
,Tokyo,
,Yokohama,
,Osaka,
,Nagoya,
,Sapporo,
,Kobe,
,Kyoto,
,Fukuoka,
,Kawasaki,
,Saitama,
,Hiroshima,
,Sendai,
,Kitakyushu,
,Chiba,
,Sakai,
,Niigata,
,Hamamatsu,
,Shizuoka,
,Sagamihara,
Jordan,,
,Amman,
,Az Zarqa,
,Irbid,
,Al Karak,
Kazakhstan,,
,Almaty,
,Shymkent,
,Karagandy,
,Taraz,
,Astana,
,Pavlodar,
,Oskemen,
,Semey,
,Aktobe,
,Oral,
,Kostanay,
Kenya,,
,Eldoret,
,Kisumu,
,Mombasa,
,Nairobi,
,Nakuru,
Kiribati,,
,Bairiki,
,Tarawa,
North Korea,,
,Chongjin,
,Hamhung,
,Nampo,
,Pyongyang,
,Sinuiju,
South Korea,,
,Inchon,
,Kwangju,
,Pusan,
,Seoul,
,Taegu,
,Taejon,
Kuwait,,
,Hawalli,
,Al Kuwait,
,Al Farwaniyah,
,Al Jahra,
,Mubarak Al-Kabeer,
,Al Ahmadi,
Kyrgyzstan,,
,Bishkek,
,Osh,
,Jalal-Abad,
,Karakol,
,Tokmok,
Laos,,
,Luang Prabang,
,Pakxe,
,Seno,
,Savannakhet,
,Thakhek,
,Thangone,
,Vang Vieng,
,Viengsay,
,Vientiane,
Latvia,,
,Daugavpils,
,Jekabpils,
,Jelgava,
,Jurmala,
,Liepaja,
,Rezekne,
,Riga,
,Valmiera,
,Ventspils,
Lebanon,,
,Beirut,
,Sidon,
,Tyre,
Lesotho,,
,Hlotse,
,Mafeteng,
,Maputsoa,
,Maseru,
,Teyateyaneng,
Liberia,,
,Buchanan,
,Harper,
,Monrovia,
,Yekepa,
,Zwedru,
Libya,,
,Al Bayda,
,Benghazi,
,Misratah,
,Tobruk,
,Tripoli,
Liechtenstein,,
,Ruggell,
,Schellenberg,
,Gamprin,
,Eschen,
,Mauren,
,Schaan,
,Planken,
,Vaduz,
,Triesenberg,
,Triesen,
,Balzers,
Lithuania,,
,Vilnius,
,Kaunas,
,Klaipeda,
,Siauliai,
,Panevezys,
,Alytus,
Luxembourg,,
,Diekirch,
,Differdange,
,Dudelange,
,Echternach,
,Esch-sur-Alzette,
,Ettelbruck,
,Grevenmacher,
,Luxembourg City,
,Remich,
,Rumelange,
,Vianden,
,Wiltz,
Macedonia,,
,Kumanovo,
,Bitola,
,Tetovo,
,Gostivar,
,Prilep,
,Gazi Baba,
,Aerodrom,
,Cair,
,Struga,
,Karpos,
,Kisela Voda,
,Ohrid,
,Veles,
Madagascar,,
,Antananarivo,
,Antsirabe,
,Fianarantsoa,
,Mahajanga,
,Toamasina,
Malawi,,
,Blantyre,
,Karonga,
,Lilongwe,
,Mzuzu,
,Zomba,
Malaysia,,
,Subang Jaya,
,Kuala Lumpur,
,Klang,
,Johor Bahru,
,Ampang Jaya,
,Ipoh,
,Shah Alam,
,Kuching,
,Petaling Jaya,
,Kota Bharu,
,Kota Kinabalu,
,Cheras,
,Tebrau,
,Sandakan,
Maldives,,
,Kulhudhuffushi,
,Male,
,Naifaru,
,Thinadhoo,
Mali,,
,Bamako,
,Koutiala,
,Mopti,
,Segou,
,Sikasso,
Malta,,
,Birkirkara,
,Qormi,
,Mosta,
,Zabbar,
,Rabat,
,San Gwann,
,Fgura,
,Zejtun,
,Sliema,
,Zebbug,
,Hamrun,
,Naxxar,
,Valletta,
Marshall Islands,,
,Ajeltake,
,Delap-Uliga-Djarrit,
,Ebeye,
,Laura,
,Rairok,
Mauritania,,
,Nouakchott,
,Nouadhibou,
,Rosso,
,Adel Bagrou,
,Bogue,
,Kiffa,
,Zouerat,
,Kaedi,
,Bou Gadoum,
,Boutilimit,
,Atar,
,Bareine,
,Ghabou,
,Hamoud,
,Mal,
,N'Beike,
,Gouraye,
Mauritius,,
,Port Louis,
,Beau-Bassin,
,Vacoas-Phoenix,
,Curepipe,
,Quatre Bornes,
Mexico,,
,Mexico City,
,Ecatepec de Morelos,
,Tijuana,
,Puebla,
,Guadalajara,
,Ciudad Juarez,
,Leon,
,Zapopan,
,Monterrey,
,Nezahualcoyotl,
,Mexicali,
,Merida,
,Culiacan,
,Toluca,
,Chihuahua,
,Naucalpan,
,Queretaro,
,Aguascalientes,
,San Luis Potosi,
,Hermosillo,
,Morelia,
,Acapulco,
,Guadalupe,
,Saltillo,
,Cancun,
,Tlalnepantla,
,Tlaquepaque,
,Torreon,
,Reynosa,
,Villahermosa,
,Chimalhuacan,
,Veracruz,
,Durango,
,Tuxtla Gutierrez,
,Ixtapaluca,
,Cuautitlan Izcalli,
,Apodaca,
,Tultitlan,
Micronesia,,
,Colonia,
,Kolonia,
,Lelu,
,Palikir,
,Tol,
,Weno,
Moldova,,
,Chisinau,
,Tiraspol,
,Balti,
,Bender,
,Ribnita,
Monaco,,
,Monaco-Ville,
,Monte Carlo,
,La Rousse,
,Larvotto,
,Saint Michel,
,La Condamine,
,La Colle,
,Les Revoires,
,Moneghetti,
,Fontvieille,
Mongolia,,
,Ulan Bator,
,Erdenet,
,Darkhan,
,Choibalsan,
,Moron,
,Nalaikh,
,Khovd,
,Olgii,
,Bayankhongor,
,Baganuur,
,Arvaikheer,
Montenegro,,
,Podgorica,
,Niksic,
,Pljevlja,
,Bijelo Polje,
,Cetinje,
,Bar,
,Herceg Novi,
,Berane,
,Budva,
,Ulcinj,
Morocco,,
,Casablanca,
,Rabat,
,Fes,
,Marrakesh,
,Agadir,
,Tangier,
,Oujda,
,Meknes,
,Sale,
,Kenitra,
,Tetouan,
Mozambique,,
,Beira,
,Chimoio,
,Maputo,
,Matola,
,Nampula,
Namibia,,
,Gobabis,
,Grootfontein,
,Henties Bay,
,Karasburg,
,Karibib,
,Keetmanshoop,
,Mariental,
,Okahandja,
,Omaruru,
,Otavi,
,Otjiwarongo,
,Outjo,
,Swakopmund,
,Tsumeb,
,Usakos,
,Walvis Bay,
,Windhoek,
Nauru,,
,Aiwo,
,Anabar,
,Anetan,
,Anibare,
,Baiti,
,Boe,
,Buada,
,Denigomodu,
,Ewa,
,Ijuw,
,Meneng,
,Nibok,
,Uaboe,
,Yaren,
Nepal,,
,Kathmandu,
,Biratnagar,
,Pokhara,
,Patan,
,Bhaktapur,
Netherlands,,
,Amsterdam,
,Rotterdam,
,The Hague,
,Utrecht,
,Eindhoven,
,Tilburg,
,Almere,
,Groningen,
,Breda,
,Apeldoorn,
,Nijmegen,
,Haarlem,
,Arnhem,
,Enschede,
,Amersfoort,
,Dordrecht,
,Zoetermeer,
,Zwolle,
,Leiden,
,Maastricht,
,'s-Hertogenbosch,
,Venlo,
New Zealand,,
,Auckland,
,Christchurch,
,Wellington,
,Hamilton,
,Napier-Hastings,
,Tauranga,
,Dunedin,
,Palmerston North,
,Nelson,
,Rotorua,
,New Plymouth,
,Whangarei,
,Invercargill,
,Whanganui,
,Gisborne,
Nicaragua,,
,Managua,
,Chinandega,
,Esteli,
,Granada,
,Leon,
,Masaya,
Niger,,
,Niamey,
,Zinder,
,Maradi,
,Agadez,
,Tahoua,
,Arlit,
Nigeria,,
,Lagos,
,Kano,
,Ibadan,
,Kaduna,
,Port Harcourt,
,Benin City,
,Maiduguri,
,Zaria,
,Aba,
,Ilorin,
,Jos,
,Ogbomosho,
,Oyo,
,Enugu,
,Abeokuta,
,Onitsha,
,Warri,
,Sokoto,
Norway,,
,Oslo,
,Bergen,
,Trondheim,
,Stavangar,
,Baerum,
,Fredrikstad,
,Kristiansand,
,Drammen,
,Asker,
,Tromso,
Oman,,
,Muscat,
,Sohar,
,Sur,
,Salalah,
Pakistan,,
,Karachi,
,Lahore,
,Faisalabad,
,Rawalpindi,
,Multan,
,Hyderabad,
,Gujranwala,
,Peshawar,
,Quetta,
,Islamabad,
,Sargodha,
,Bahawalpur,
,Sialkot,
Palau,,
,Koror,
,Airai,
,Kloulklubed,
,Meyungs,
,Melekeok,
Panama,,
,Panama City,
,San Miquelito,
,Tocumen,
,David,
,Arraijan,
,Colon,
,Las Cumbres,
,La Chorrera,
,Pacora,
Papua New Guinea,,
,Lae,
,Mount Hagen,
,Port Moresby,
Paraguay,,
,Asuncion,
,Ciudad del Este,
,San Lorenzo,
,Luque,
,Capiata,
,Lambare,
,Fernando de la Mora,
,Limpio,
,Nemby,
,Encarnacion,
,Mariano Roque Alonso,
,Pedro Juan Caballero,
,Villa Elisa,
Peru,,
,Lima,
,Arequipa,
,Trujillo,
,Chiclayo,
,Huancayo,
,Iquitos,
,Cusco,
,Piura,
,Pucallpa,
,Chimbote,
,Tacna,
,Ica,
,Puno,
,Juliaca,
,Chincha Alta,
,Huanuco,
,Sullana,
,Ayacucho,
,Cajamarca,
,Tarapoto,
Philippines,,
,Quezon City,
,Manila,
,Caloocan,
,Davao City,
,Zamboanga City,
,Taguig,
,Antipolo,
,Pasig,
,Valenzuela,
,Dasmarinas,
,Cagayan de Oro,
,Paranaque,
,Las Pinas,
,General Santos,
,Makati,
,Bacolod,
Poland,,
,Warsaw,
,Krakow,
,Lodz,
,Wroclaw,
,Poznan,
,Gdansk,
,Szczecin,
,Bydgoszcz,
,Lublin,
,Katowice,
,Bialystok,
,Gdynia,
Portugal,,
,Lisbon,
,Porto,
,Amadora,
,Gaia,
,Braga,
,Queluz,
,Coimbra,
,Setubal,
,Agualva-Cacem,
,Almada,
,Funchal,
Qatar,,
,Doha,
,Al Wakra,
,Umm Said,
,Al Khor,
,Madinat Al-Shamal,
,Al Ruwais,
,Al Zubara,
,Dukhan,
Romania,,
,Bucharest,
,Iasi,
,Cluj-Napoca,
,Timisoara,
,Constanta,
,Craiova,
,Galati,
,Brasov,
,Ploiesti,
,Braila,
,Oradea,
Russia,,
,Moscow,
,Saint Petersburg,
,Novosibirsk,
,Yekaterinburg,
,Nizhny Novgorod,
,Kazan,
,Samara,
,Omsk,
,Chelyabinsk,
,Rostov-on-Don,
,Ufa,
,Volgograd,
,Perm,
,Krasnoyarsk,
,Saratov,
,Voronezh,
,Tolyatti,
,Krasnodar,
,Ulyanovsk,
,Izhevsk,
,Yaroslavl,
,Barnaul,
,Vladivostok,
,Irkutsk,
,Khabarovsk,
,Novokuznetsk,
,Orenburg,
,Ryazan,
,Penza,
,Tyumen,
,Naberezhnye Chelny,
,Lipetsk,
,Astrakhan,
Rwanda,,
,Butare,
,Byumba,
,Cyangugu,
,Gisenyi,
,Gitarama,
,Kibeho,
,Kibungo,
,Kibuye,
,Kigali,
,Nyanza,
,Ruhengeri,
,Rwamagana,
,Gikongoro,
,Gasarenda,
Saint Kitts and Nevis,,
,Basseterre,
,Sandy Point Town,
,Sadlers,
,Cayon,
,Newcastle,
,Charlestown,
Saint Lucia,,
,Castries,
,Dennery,
,Micoud,
,Soufriere,
Saint Vincent and the Grenadines,,
,Kingstown,
,Georgetown,
,Port Elizabeth,
,Chateaubelair,
Samoa,,
,Apia,
,Salelologa,
San Marino,,
,Serravalle,
,Borgo Maggiore,
,City of San Marino,
,Domagnano,
,Fiorentino,
,Acquaviva,
,Faetano,
,Chiesanuova,
,Montegiardino,
Sao Tome and Principe,,
,Sao Tome,
,Santo Amaro,
,Neves,
,Santana,
,Trindade,
,Santa Cruz,
,Pantufo,
,Guadalupe,
,Santo Antonio,
,Santa Catarina,
,Porto Alegre,
Saudi Arabia,,
,Riyadh,
,Jeddah,
,Mecca,
,Medina,
,Dammam,
,Ta'if,
,Buraydah,
,Tabuk,
,Abha,
,Khamis Mushait,
Senegal,,
,Dakar,
,Touba,
,Thies,
,Rufisque,
,Kaolack,
,M'Bour,
,Ziguinchor,
,Saint-Louis,
,Diourbel,
,Louga,
,Tambacounda,
Serbia,,
,Belgrade,
,Novi Sad,
,Nis,
,Kragujevac,
,Subotica,
,Leskovac,
,Zrenjanin,
,Smederevo,
,Pancevo,
,Krusevac,
,Cacak,
,Valjevo,
,Kraljevo,
,Zajecar,
,Sabac,
,Vranje,
,Uzice,
,Novi Pazar,
,Sombor,
Seychelles,,
,Anse Boileau,
,Beau Vallon,
,Takamaka,
,Victoria,
,Anse Royal,
,Cascade,
Sierra Leone,,
,Freetown,
,Bo,
,Kenema,
,Koidu Town,
,Makeni,
Singapore,,
,Singapore,
Slovakia,,
,Bratislava,
,Kosice,
,Presov,
,Zilina,
,Nitra,
,Banska Bystrica,
,Trnava,
,Martin,
,Trencin,
,Poprad,
,Prievidza,
Slovenia,,
,Ljubljana,
,Maribor,
,Celje,
,Kranj,
,Velenje,
,Koper,
,Novo mesto,
,Ptuj,
,Trbovlje,
,Kamnik,
,Jesenice,
,Nova Gorica,
,Domzale,
,Skofja Loka,
,Murska Sobota,
,Izola,
Solomon Islands,,
,Auki,
,Buala,
,Gizo,
,Honiara,
,Kirakira,
,Lata,
,Munda,
,Noro,
,Taro Island,
,Tigoa,
,Tulagi,
Somalia,,
,Mogadishu,
,Hargeisa,
,Kismayo,
,Baidoa,
,Buro,
,Baladweyne,
,Galkayo,
,Boorame,
,Bosaso,
,Merca,
,Berbera,
,Zeila,
,Jowhar,
,Goldogob,
,Baraawe,
,Baardheere,
,Caabudwaaq,
,Balcad,
,Laascaanood,
,Badhan,
South Africa,,
,Johannesburg,
,Cape Town,
,Durban,
,Germiston,
,Pretoria,
,Port Elizabeth,
,Bloemfontein,
,East London,
,Vanderbijlpark,
,Pietermaritzburg,
,Thohoyandou,
,Polokwane,
,Nelspruit,
,Bushbuckridge,
,Louis Trichardt,
,Rustenburg,
,Mthatha,
,Witbank,
,Welkom,
,Klerksdorp,
,QwaQwa,
,Brits,
,Tzaneen,
,Ohrigstad,
,KaNgwane,
,Richards Bay,
,Mokopane,
,Newcastle,
,Krugersdorp,
,Libode,
,Burgersfort,
,Empangeni,
,Kagiso,
Spain,,
,Madrid,
,Barcelona,
,Valencia,
,Seville,
,Bilbao,
,Malaga,
,Oviedo,
,Alicante,
,Las Palmas de Gran Canaria,
,Zaragoza,
,Murcia,
,Santa Cruz de Tenerife,
,Granada,
,Palma de Mallorca,
,Vigo,
,Cadiz,
,San Sebastian,
,Coruna,
,Valladolid,
,Tarragona,
,Cordoba,
,Pamplona,
,Castellon de la Plana,
,Santander,
Sri Lanka,,
,Colombo,
,Dehiwala-Mount Lavinia,
,Moratuwa,
,Negombo,
,Trincomalee,
,Kotte,
,Kandy,
,Kalmunai,
,Vavuniya,
,Jaffna,
,Galle,
,Batticaloa,
,Katunayake,
,Battaramulla,
,Dambulla,
,Daluguma,
,Maharagama,
,Kotikawatta,
,Chavakacheri,
,Anuradhapura,
,Kolonnawa,
,Hendala,
,Point Pedro,
,Ratnapura,
Sudan,,
,Omdurman,
,Khartoum,
,Port Sudan,
,Kassala,
,El Obeid,
,Nyala,
,Wad Medaniy,
,Qadarif,
,Kusti,
,Fashir,
,Juba,
,El Geneina,
,Atbarah,
,Waw,
Suriname,,
,Lelydorp,
,Marienburg,
,Meerzorg,
,Moengo,
,Nieuw Amsterdam,
,Nieuw Nickerie,
,Paramaribo,
Swaziland,,
,Big Bend,
,Hlatikulu,
,Lavumisa,
,Lobamba,
,Mankayane,
,Manzini,
,Mbabane,
,Mhlume,
,Ngwenya,
,Nhlangano,
,Piggs Peak,
,Siteki,
Sweden,,
,Stockholm,
,Gothenburg,
,Linkoping,
,Kiruna,
,Lulea,
,Malmo,
,Umea,
,Uppsala,
,Orebro,
Switzerland,,
,Zurich,
,Geneva,
,Basel,
,Lausanne,
,Bern,
,Winterthur,
,St Gallen,
,Lugano,
,Lucerne,
Syria,,
,Tartus,
,Latakia,
,Damascus,
,Aleppo,
,Hims,
,Hama,
,Idlib,
,As-Suwayda,
,Daraa,
,Quneitra,
,Deir ez-Zor,
,Al-Hasakah,
,Ar-Raqqah,
Tajikistan,,
,Dushanbe,
,Khujand,
,Kulob,
,Qurghonteppa,
,Istaravshan,
,Vahdat,
,Konibodom,
,Tursunzoda,
,Isfara,
,Panjakent,
Tanzania,,
,Dar es Salaam,
,Mwanza,
,Zanzibar,
,Morogoro,
,Mbeya,
,Tanga,
,Moshi,
,Dodoma,
,Arusha,
,Tabora,
,Iringa,
,Geita,
,Musoma,
,Mtwara,
,Songea,
,Kigoma,
,Shinyanga,
,Korogwe,
Thailand,,
,Bangkok,
,Nonthaburi,
,Pak Kret,
,Hat Yai,
,Nakhon Ratchasima,
,Chiang Mai,
,Udon Thani,
,Surat Thani,
,Khon Kaen,
,Nakhon Si Thammarat,
,Pattaya,
Togo,,
,Lome,
,Sokode,
,Kara,
,Palime,
,Atakpame,
,Bassar,
,Tsevie,
,Aneho,
,Sansanne-Mango,
,Dapaong,
,Tchamba,
Tonga,,
,Nuku'alofa,
,Neiafu,
,Havelu,
,Vaini,
,Pangai,
,Ohonua,
,Hihifo,
Trinidad and Tobago,,
,Arima,
,Marabella,
,Port of Spain,
,San Fernando,
Tunisia,,
,Tunis,
,Sfax,
,Susah,
,Kairouan,
,Bizerte,
,Gabes,
Turkey,,
,Istanbul,
,Ankara,
,Izmir,
,Bursa,
,Adana,
,Gaziantep,
,Konya,
,Antalya,
,Kayseri,
,Mersin,
,Eskisehir,
,Diyarbakir,
Turkmenistan,,
,Turkmenbasy,
,Balkanabat,
,Gyzylarbat,
,Ashgabat,
,Mary,
,Gusgy,
,Turkmenabat,
,Atamyrat,
,Dasoguz,
Tuvalu,,
,Funafuti,
,Asau,
,Lolua,
,Tanrake,
,Tonga,
Uganda,,
,Kampala,
,Kira,
,Gulu,
,Lira,
,Mbarara,
,Mbale,
,Jinja,
,Nansana,
,Masaka,
,Entebbe,
,Kasese,
Ukraine,,
,Kyiv,
,Kharkiv,
,Dnipropetrovsk,
,Odessa,
,Donetsk,
,Zaporizhia,
,Lviv,
,Kryvyi Rih,
,Mykolaiv,
United Arab Emirates,,
,Abu Dhabi,
,Dubai,
,Sharjah,
,Ajman,
,Umm al-Qaiwain,
,Ra's al-Khaimah,
,Fujairah,
Uruguay,,
,Montevideo,
,Salto,
,Ciudad de la Costa,
,Paysandu,
,Las Piedras,
,Rivera,
,Maldonado,
,Tacuarembo,
,Melo,
,Mercedes,
,Artigas,
,Minas,
,San Jose de Mayo,
,Durazno,
,Florida,
,Treinta y Tres,
,Rocha,
Uzbekistan,,
,Tashkent,
,Namangan,
,Samarkand,
,Andizhan,
,Bukhara,
,Nukus,
,Qarsi,
,Farghona,
,Kukon,
,Urgench,
,Zhizaq,
,Angren,
,Navoi,
,Olmaliq,
,Termez,
,Bekobod,
Vanuatu,,
,Port Vila,
,Luganville,
Vatican City,,
,Vatican City,
Venezuela,,
,Caracas,
,Maracaibo,
,Valencia,
,Barquisimeto,
,Maracay,
,Ciudad Guayana,
,Barcelona,
,Maturin,
,Turmero,
,Ciudad Bolivar,
,Barinas,
,Los Teques,
,Cumana,
,San Cristobal,
,Puerto La Cruz,
,Merida,
,Cabimas,
,Coro,
,Guatire,
,Cua,
,Guarenas,
,Los Teques,
,Ocumare del Tuy,
,Puerto Cabello,
,Guacara,
,El Tigre,
,El Limon,
,Acarigua,
,Punto Fijo,
,Cabudare,
Vietnam,,
,Ho Chi Minh,
,Can Tho,
,Da Nang,
,Hai Phong,
,Ha Noi,
,Bien Hoa,
,Nha Trang,
,Buon Ma Thuot,
,Hue,
,Quy Nhon,
,Vinh,
,Da Lat,
,Thai Nguyen,
,Vung Tau,
,Rach Gia,
,Long Xuyen,
,My Tho,
,Phan Thiet,
,Ca Mau,
Yemen,,
,Sanaa,
,Taizz,
,Al Hudaydah,
,Aden,
,Ibb,
,Dhamar,
,al-Mukalla,
Zambia,,
,Lusaka,
,Ndola,
,Kitwe,
,Kabwe,
,Chingola,
,Mufulira,
,Livingstone,
,Luanshya,
,Kasama,
,Chipata,
Zimbabwe,,
,Harare,
,Bulawayo,
,Chitungwiza,
,Mutare,
,Gweru,
,Kwekwe,
,Kadoma,
,Masvingo,
,Chinhoyi,
,Marondera,
